11111,First-11111,Last-11111,s11111@email.com,addr11111,091-11111,2540-01-02,M,1
11112,First-11112,Last-11112,s11112@email.com,addr11112,091-11112,2540-01-03,M,1
11113,First-11113,Last-11113,s11113@email.com,addr11113,091-11113,2540-01-04,F,1
11114,First-11114,Last-11114,s11114@email.com,addr11114,091-11114,2540-01-05,F,2
11115,First-11115,Last-11115,s11115@email.com,addr11115,091-11115,2540-01-06,M,1
11116,First-11116,Last-11116,s11116@email.com,addr11116,091-11116,2540-01-07,F,3
11117,First-11117,Last-11117,s11117@email.com,addr11117,091-11117,2540-01-08,M,1
11118,First-11118,Last-11118,s11118@email.com,addr11118,091-11118,2540-01-09,M,6
11119,First-11119,Last-11119,s11119@email.com,addr11119,091-11119,2540-01-10,F,1
11120,First-11120,Last-11120,s11120@email.com,addr11120,091-11120,2540-01-11,F,5
11121,First-11121,Last-11121,s11121@email.com,addr11121,091-11121,2540-01-12,M,1
11122,First-11122,Last-11122,s11122@email.com,addr11122,091-11122,2540-01-13,F,4
11123,First-11123,Last-11123,s11123@email.com,addr11123,091-11123,2540-01-14,F,2
11124,First-11124,Last-11124,s11124@email.com,addr11124,091-11124,2542-07-20,F,3
11125,First-11125,Last-11125,s11125@email.com,addr11125,091-11125,2542-07-21,M,3
11126,First-11126,Last-11126,s11126@email.com,addr11126,091-11126,2542-07-22,M,2
11127,First-11127,Last-11127,s11127@email.com,addr11127,091-11127,2542-07-23,M,4
11128,First-11128,Last-11128,s11128@email.com,addr11128,091-11128,2542-07-24,F,5
11129,First-11129,Last-11129,s11129@email.com,addr11129,091-11129,2542-07-25,F,6
11130,First-11130,Last-11130,s11130@email.com,addr11130,091-11130,2542-07-26,M,1
11131,First-11131,Last-11131,s11131@email.com,addr11131,091-11131,2542-07-27,F,1
11132,First-11132,Last-11132,s11132@email.com,addr11132,091-11132,2542-07-28,M,2
11133,First-11133,Last-11133,s11133@email.com,addr11133,091-11133,2542-07-29,F,3
11134,First-11134,Last-11134,s11134@email.com,addr11134,091-11134,2542-07-30,F,4
